analysis_set	n_samples	n_AC	n_TOL	n_transcripts_tested	n_strict_amyloid_transcripts_tested	mean_log2FC_strict_amyloid	mean_log2FC_background	mean_log2FC_difference_amyloid_minus_background	strict_amyloid_mean_log2FC_bootstrap_ci_low	strict_amyloid_mean_log2FC_bootstrap_ci_high	mannwhitney_one_sided_p_amyloid_gt_background	auc_probability_amyloid_log2FC_gt_background	empirical_p_random_sets_mean_log2FC_greater	gsea_ES	gsea_NES	gsea_empirical_p_ES_greater	n_gsea_label_permutations	n_random_set_permutations
all_BC_samples	11	6	5	17776	1245	0.18891631066799164	0.2940288782119751	-0.10511256754398346	0.1462003089655116	0.23163260978927094	0.9999556541442871	0.4667453467845917	1.0	0.18417905541174498	0.8444923282574432	0.40835916408359163	10000	10000
coverage_QC_protein_coding_annotation_fraction_ge_0_5	10	6	4	17014	1182	0.19701087474822998	0.3078180253505707	-0.1108071506023407	0.14923272341704108	0.24528925616149166	0.9997982382774353	0.4692050516605377	0.9999000099990001	0.18391874331748365	0.7899634071993304	0.4664533546645335	10000	10000
