predictor	q17	q83
AMYPred_Prob	0.12062030719043373	0.8802438332506314
AmyloGramPy_Prob	0.6946844	0.8898172
