{
  "method": "Exploratory image-derived protein panel amyloidogenicity analysis on BC AC/control vs TOL/chili. Protein IDs were read from the supplied figure; GENCODE protein_coding only; H1/H2 protein IDs retained for protein-level panel, with transcript IDs also reported.",
  "n_image_labels": 70,
  "n_unique_panel_proteins": 70,
  "n_unique_panel_proteins_protein_coding": 70,
  "primary_results": [
    {
      "analysis_set": "all_BC_samples",
      "metric": "mean_Amyloid_Integrative_Index",
      "n_AC": 6,
      "n_TOL": 5,
      "mean_AC": -0.31707473696543703,
      "mean_TOL": -0.32630254993656377,
      "median_AC": -0.32735403270866625,
      "median_TOL": -0.36482111901475855,
      "delta_TOL_minus_AC": -0.009227812971126736,
      "cliffs_delta_TOL_vs_AC": -0.2,
      "mannwhitney_two_sided_p": 0.6623376623376623,
      "mannwhitney_one_sided_p_TOL_gt_AC": 0.7316017316017316,
      "welch_two_sided_p": 0.8710442084118549
    },
    {
      "analysis_set": "all_BC_samples",
      "metric": "mean_AmyloGram_Prob",
      "n_AC": 6,
      "n_TOL": 5,
      "mean_AC": 0.6980390558787696,
      "mean_TOL": 0.7085145094175036,
      "median_AC": 0.6981384465834222,
      "median_TOL": 0.701622981821802,
      "delta_TOL_minus_AC": 0.010475453538734025,
      "cliffs_delta_TOL_vs_AC": 0.3333333333333333,
      "mannwhitney_two_sided_p": 0.42857142857142855,
      "mannwhitney_one_sided_p_TOL_gt_AC": 0.21428571428571427,
      "welch_two_sided_p": 0.41290923557968595
    },
    {
      "analysis_set": "all_BC_samples",
      "metric": "mean_AMYPred_Prob",
      "n_AC": 6,
      "n_TOL": 5,
      "mean_AC": 0.5631257741469113,
      "mean_TOL": 0.5589861979220985,
      "median_AC": 0.5650567819790173,
      "median_TOL": 0.5583798364994029,
      "delta_TOL_minus_AC": -0.004139576224812869,
      "cliffs_delta_TOL_vs_AC": 0.0,
      "mannwhitney_two_sided_p": 1.0,
      "mannwhitney_one_sided_p_TOL_gt_AC": 0.5346320346320346,
      "welch_two_sided_p": 0.8370589872561751
    },
    {
      "analysis_set": "all_BC_samples",
      "metric": "strict_amyloid_fraction",
      "n_AC": 6,
      "n_TOL": 5,
      "mean_AC": 0.5031072538304939,
      "mean_TOL": 0.7385760971055089,
      "median_AC": 0.7152041144326583,
      "median_TOL": 0.7301587301587301,
      "delta_TOL_minus_AC": 0.23546884327501494,
      "cliffs_delta_TOL_vs_AC": 0.3,
      "mannwhitney_two_sided_p": 0.46214003380576796,
      "mannwhitney_one_sided_p_TOL_gt_AC": 0.23107001690288398,
      "welch_two_sided_p": 0.20144145902013033
    },
    {
      "analysis_set": "all_BC_samples",
      "metric": "expression_weighted_amyloid_index_per_panel_TPM",
      "n_AC": 6,
      "n_TOL": 5,
      "mean_AC": 0.4645222361422729,
      "mean_TOL": 0.3391582003014013,
      "median_AC": 0.6556703071105019,
      "median_TOL": 0.229575086103995,
      "delta_TOL_minus_AC": -0.12536403584087158,
      "cliffs_delta_TOL_vs_AC": -0.26666666666666666,
      "mannwhitney_two_sided_p": 0.5367965367965368,
      "mannwhitney_one_sided_p_TOL_gt_AC": 0.7857142857142857,
      "welch_two_sided_p": 0.6197800275420006
    },
    {
      "analysis_set": "coverage_QC_protein_coding_annotation_fraction_ge_0_5",
      "metric": "mean_Amyloid_Integrative_Index",
      "n_AC": 6,
      "n_TOL": 4,
      "mean_AC": -0.31707473696543703,
      "mean_TOL": -0.37075539716186934,
      "median_AC": -0.32735403270866625,
      "median_TOL": -0.37303665113386764,
      "delta_TOL_minus_AC": -0.053680660196432306,
      "cliffs_delta_TOL_vs_AC": -0.5,
      "mannwhitney_two_sided_p": 0.2571428571428571,
      "mannwhitney_one_sided_p_TOL_gt_AC": 0.9142857142857143,
      "welch_two_sided_p": 0.15304623819905439
    },
    {
      "analysis_set": "coverage_QC_protein_coding_annotation_fraction_ge_0_5",
      "metric": "mean_AmyloGram_Prob",
      "n_AC": 6,
      "n_TOL": 4,
      "mean_AC": 0.6980390558787696,
      "mean_TOL": 0.6996960167444127,
      "median_AC": 0.6981384465834222,
      "median_TOL": 0.7014586034681097,
      "delta_TOL_minus_AC": 0.0016569608656431534,
      "cliffs_delta_TOL_vs_AC": 0.16666666666666666,
      "mannwhitney_two_sided_p": 0.7619047619047619,
      "mannwhitney_one_sided_p_TOL_gt_AC": 0.38095238095238093,
      "welch_two_sided_p": 0.8534604673041292
    },
    {
      "analysis_set": "coverage_QC_protein_coding_annotation_fraction_ge_0_5",
      "metric": "mean_AMYPred_Prob",
      "n_AC": 6,
      "n_TOL": 4,
      "mean_AC": 0.5631257741469113,
      "mean_TOL": 0.5720043066362812,
      "median_AC": 0.5650567819790173,
      "median_TOL": 0.5629602995324976,
      "delta_TOL_minus_AC": 0.008878532489369872,
      "cliffs_delta_TOL_vs_AC": 0.25,
      "mannwhitney_two_sided_p": 0.6095238095238095,
      "mannwhitney_one_sided_p_TOL_gt_AC": 0.30476190476190473,
      "welch_two_sided_p": 0.6024830519077241
    },
    {
      "analysis_set": "coverage_QC_protein_coding_annotation_fraction_ge_0_5",
      "metric": "strict_amyloid_fraction",
      "n_AC": 6,
      "n_TOL": 4,
      "mean_AC": 0.5031072538304939,
      "mean_TOL": 0.7482201213818861,
      "median_AC": 0.7152041144326583,
      "median_TOL": 0.7474323062558357,
      "delta_TOL_minus_AC": 0.24511286755139217,
      "cliffs_delta_TOL_vs_AC": 0.4583333333333333,
      "mannwhitney_two_sided_p": 0.28200387092797774,
      "mannwhitney_one_sided_p_TOL_gt_AC": 0.14100193546398887,
      "welch_two_sided_p": 0.18628174933084538
    },
    {
      "analysis_set": "coverage_QC_protein_coding_annotation_fraction_ge_0_5",
      "metric": "expression_weighted_amyloid_index_per_panel_TPM",
      "n_AC": 6,
      "n_TOL": 4,
      "mean_AC": 0.4645222361422729,
      "mean_TOL": 0.2235564958716502,
      "median_AC": 0.6556703071105019,
      "median_TOL": 0.21144722512869718,
      "delta_TOL_minus_AC": -0.2409657402706227,
      "cliffs_delta_TOL_vs_AC": -0.5833333333333334,
      "mannwhitney_two_sided_p": 0.17142857142857143,
      "mannwhitney_one_sided_p_TOL_gt_AC": 0.9428571428571428,
      "welch_two_sided_p": 0.32944517418677716
    }
  ]
}