analysis_set	metric	n_AC	n_TOL	mean_AC	mean_TOL	median_AC	median_TOL	delta_mean_TOL_minus_AC	delta_mean_TOL_minus_AC_ci_low	delta_mean_TOL_minus_AC_ci_high	mannwhitney_p	welch_t_p	cliffs_delta_TOL_vs_AC
all_BC_samples	strict_amyloid_TPM_fraction	6	5	0.07863657797376315	0.14667832106351852	0.08874538913369179	0.1516553908586502	0.06804174308975537	0.008821384267260646	0.13206849449003732	0.11984615709682368	0.08435563155455164	0.6
all_BC_samples	strict_amyloid_TPM	6	5	74691.09114583333	95300.96171875	86089.78515625	93585.984375	20609.87057291667	-35850.832714843746	80938.89490234375	0.647328684583698	0.5632440371242324	0.2
all_BC_samples	n_strict_amyloid_expressed_TPM_ge_1	6	5	1214.8333333333333	1663.2	1594.5	1974.0	448.3666666666668	-487.37500000000006	1317.2974999999997	0.3142001092738079	0.43328753512061247	0.4
all_BC_samples	strict_weighted_index_sum	6	5	-12897.512471618678	-18912.593731557296	-12644.647477934835	-18088.767930712896	-6015.081259938617	-21267.03325149938	8945.543941003487	0.647328684583698	0.5338883640926909	-0.2
all_BC_samples	continuous_expression_weighted_amyloid_index	6	5	-0.13202813292528548	-0.10744638196286246	-0.17967639471034963	-0.10395765803334835	0.024581750962423016	-0.12880227614482526	0.1669034347121309	0.5367965367965368	0.7798074493132543	0.26666666666666666
all_BC_samples	myeloid_neutrophil_score	6	5	0.06197420308986887	-0.07436904370784266	0.1104797965752817	0.15665942047050213	-0.13634324679771154	-0.9301648764984207	0.5722350949528867	0.9307359307359306	0.7549647074576645	-0.06666666666666667
all_BC_samples	interferon_score	6	5	-0.2003439348584464	0.2404127218301355	-0.044173047792497665	0.023875919571020938	0.4407566566885819	-0.386019041732557	1.3896896216190193	0.5367965367965368	0.4063762999813534	0.26666666666666666
all_BC_samples	antigen_presentation_score	6	5	-0.10626846183591897	0.12752215420310206	-0.01216208349795686	0.3694127925253708	0.23379061603902102	-0.5301510751061931	0.9736658925504983	0.5367965367965368	0.6059190806569006	0.26666666666666666
all_BC_samples	proteasome_UPR_score	6	5	-0.10856846129287863	0.1302821535514545	-0.11371401035570956	0.238064875834491	0.23885061484433312	-0.5976099294956309	0.9400312914587753	0.42857142857142855	0.6132250231964516	0.3333333333333333
