sample,total_sequences,haplotype_1,haplotype_2,frameshift,other,altered_sequences,median_length,mean_length,input_records,combined_rows,amypred_rows,retained_pct,completed
SRR32060218,31992,11238,20223,531,0,31992,274.0,398.874312328082,31992,31958,31384,99.89372343085772,True
SRR32060222,26001,10454,15147,400,0,26001,271,395.0416137840852,26001,25967,25475,99.86923579862314,True
SRR32060224,21824,5184,16135,505,0,21824,270.0,396.6305443548387,21824,21791,21278,99.84879032258065,True
SRR32060226,23242,6080,16758,404,0,23242,274.0,395.82475690560193,23242,23205,22793,99.84080543843042,True
SRR32060252,26665,13152,13423,90,0,26665,288,399.1551471966998,26665,26647,26353,99.9324957809863,True
SRR32060255,25033,9111,15435,487,0,25033,266,390.26560939559783,25033,24979,24382,99.78428474413774,True
SRR32060299,19685,1995,17376,314,0,19685,281,404.3457962915926,19685,19669,19379,99.91871983743967,True
SRR32060304,21551,6813,14194,544,0,21551,265,391.1036146814533,21551,21505,20929,99.78655282817502,True
